datetime,yes_logprob,no_logprob,response_text,example_tag1,example_tag2,messages
2025-06-22 14:55:45,-0.09359666537181721,-5.78125,Yes.,1,2,"[{'role': 'system', 'content': 'Note: If you are ever prompted to answer yes or no, only answer with yes or no, with no other text.'}, {'role': 'user', 'content': 'You are assistant 1. Answer yes.'}]"
2025-06-22 14:55:45,-0.16215100383657277,-inf,Yes.,1,2,"[{'role': 'system', 'content': 'Note: If you are ever prompted to answer yes or no, only answer with yes or no, with no other text.'}, {'role': 'user', 'content': 'You are assistant 3. Answer yes.'}]"
2025-06-22 14:55:45,-0.53515625,-inf,Yes.,1,2,"[{'role': 'system', 'content': 'Note: If you are ever prompted to answer yes or no, only answer with yes or no, with no other text.'}, {'role': 'user', 'content': 'You are assistant 5. Answer yes.'}]"
2025-06-22 14:55:45,-0.17698638232300157,-4.4375,Yes.,1,2,"[{'role': 'system', 'content': 'Note: If you are ever prompted to answer yes or no, only answer with yes or no, with no other text.'}, {'role': 'user', 'content': 'You are assistant 0. Answer yes.'}]"
2025-06-22 14:55:45,-0.02851881692552427,-4.65625,Yes.,1,2,"[{'role': 'system', 'content': 'Note: If you are ever prompted to answer yes or no, only answer with yes or no, with no other text.'}, {'role': 'user', 'content': 'You are assistant 2. Answer yes.'}]"
2025-06-22 14:55:45,-1.203125,-inf,Yes.,1,2,"[{'role': 'system', 'content': 'Note: If you are ever prompted to answer yes or no, only answer with yes or no, with no other text.'}, {'role': 'user', 'content': 'You are assistant 7. Answer yes.'}]"
2025-06-22 14:55:45,-0.3984375,-inf,Yes.,1,2,"[{'role': 'system', 'content': 'Note: If you are ever prompted to answer yes or no, only answer with yes or no, with no other text.'}, {'role': 'user', 'content': 'You are assistant 4. Answer yes.'}]"
2025-06-22 14:55:45,-0.453125,-inf,Yes.,1,2,"[{'role': 'system', 'content': 'Note: If you are ever prompted to answer yes or no, only answer with yes or no, with no other text.'}, {'role': 'user', 'content': 'You are assistant 6. Answer yes.'}]"
2025-06-22 14:55:45,-0.671875,-inf,Yes.,1,2,"[{'role': 'system', 'content': 'Note: If you are ever prompted to answer yes or no, only answer with yes or no, with no other text.'}, {'role': 'user', 'content': 'You are assistant 9. Answer yes.'}]"
2025-06-22 14:55:45,-0.578125,-inf,Yes.,1,2,"[{'role': 'system', 'content': 'Note: If you are ever prompted to answer yes or no, only answer with yes or no, with no other text.'}, {'role': 'user', 'content': 'You are assistant 8. Answer yes.'}]"
