datetime,yes_logprob,no_logprob,response_text,example_tag1,example_tag2,messages
2025-06-22 11:40:27,-12.625004768371582,-3.427444080945677e-06,No.,1,2,[{'role': 'system', 'content': 'Note: If you are ever prompted to answer yes or no, only answer with yes or no, with no other text.'}, {'role': 'user', 'content': 'You are assistant 6 Answer no.'}]
2025-06-22 11:40:27,-10.250043869018555,-3.5579722352859283e-05,No.,1,2,[{'role': 'system', 'content': 'Note: If you are ever prompted to answer yes or no, only answer with yes or no, with no other text.'}, {'role': 'user', 'content': 'You are assistant 7 Answer no.'}]
2025-06-22 11:40:27,-12.750006675720215,-3.0764163553293023e-06,No.,1,2,[{'role': 'system', 'content': 'Note: If you are ever prompted to answer yes or no, only answer with yes or no, with no other text.'}, {'role': 'user', 'content': 'You are assistant 4 Answer no.'}]
2025-06-22 11:40:27,-14.250006675720215,-7.498440337380975e-07,No.,1,2,[{'role': 'system', 'content': 'Note: If you are ever prompted to answer yes or no, only answer with yes or no, with no other text.'}, {'role': 'user', 'content': 'You are assistant 1 Answer no.'}]
2025-06-22 11:40:27,-12.000016212463379,-6.270706635062546e-06,No.,1,2,[{'role': 'system', 'content': 'Note: If you are ever prompted to answer yes or no, only answer with yes or no, with no other text.'}, {'role': 'user', 'content': 'You are assistant 2 Answer no.'}]
2025-06-22 11:40:27,-12.000011444091797,-6.316381879371652e-06,No.,1,2,[{'role': 'system', 'content': 'Note: If you are ever prompted to answer yes or no, only answer with yes or no, with no other text.'}, {'role': 'user', 'content': 'You are assistant 5 Answer no.'}]
2025-06-22 11:40:27,-11.250017166137695,-1.3178420023112934e-05,No.,1,2,[{'role': 'system', 'content': 'Note: If you are ever prompted to answer yes or no, only answer with yes or no, with no other text.'}, {'role': 'user', 'content': 'You are assistant 9 Answer no.'}]
2025-06-22 11:40:27,-13.125005722045898,-2.080484636248354e-06,No.,1,2,[{'role': 'system', 'content': 'Note: If you are ever prompted to answer yes or no, only answer with yes or no, with no other text.'}, {'role': 'user', 'content': 'You are assistant 3 Answer no.'}]
2025-06-22 11:40:27,-9.25011157989502,-9.65352651741525e-05,No.,1,2,[{'role': 'system', 'content': 'Note: If you are ever prompted to answer yes or no, only answer with yes or no, with no other text.'}, {'role': 'user', 'content': 'You are assistant 8 Answer no.'}]
2025-06-22 11:40:28,-9.750067710876465,-5.930918205538868e-05,No.,1,2,[{'role': 'system', 'content': 'Note: If you are ever prompted to answer yes or no, only answer with yes or no, with no other text.'}, {'role': 'user', 'content': 'You are assistant 10 Answer no.'}]
2025-06-22 11:40:28,-9.250118255615234,-9.674891699377799e-05,No.,1,2,[{'role': 'system', 'content': 'Note: If you are ever prompted to answer yes or no, only answer with yes or no, with no other text.'}, {'role': 'user', 'content': 'You are assistant 12 Answer no.'}]
2025-06-22 11:40:28,-11.000033378601074,-1.686029445363503e-05,No.,1,2,[{'role': 'system', 'content': 'Note: If you are ever prompted to answer yes or no, only answer with yes or no, with no other text.'}, {'role': 'user', 'content': 'You are assistant 13 Answer no.'}]
2025-06-22 11:40:28,-8.750176429748535,-0.00015923879526227186,No.,1,2,[{'role': 'system', 'content': 'Note: If you are ever prompted to answer yes or no, only answer with yes or no, with no other text.'}, {'role': 'user', 'content': 'You are assistant 17 Answer no.'}]
2025-06-22 11:40:28,-11.500022888183594,-1.0218674693549408e-05,No.,1,2,[{'role': 'system', 'content': 'Note: If you are ever prompted to answer yes or no, only answer with yes or no, with no other text.'}, {'role': 'user', 'content': 'You are assistant 11 Answer no.'}]
2025-06-22 11:40:28,-11.500018119812012,-1.0225613507769524e-05,No.,1,2,[{'role': 'system', 'content': 'Note: If you are ever prompted to answer yes or no, only answer with yes or no, with no other text.'}, {'role': 'user', 'content': 'You are assistant 14 Answer no.'}]
2025-06-22 11:40:28,-10.750036239624023,-2.168947787114456e-05,No.,1,2,[{'role': 'system', 'content': 'Note: If you are ever prompted to answer yes or no, only answer with yes or no, with no other text.'}, {'role': 'user', 'content': 'You are assistant 18 Answer no.'}]
2025-06-22 11:40:28,-10.250052452087402,-3.5819232662802283e-05,No.,1,2,[{'role': 'system', 'content': 'Note: If you are ever prompted to answer yes or no, only answer with yes or no, with no other text.'}, {'role': 'user', 'content': 'You are assistant 16 Answer no.'}]
2025-06-22 11:40:28,-12.500004768371582,-3.7536406647086617e-06,No.,1,2,[{'role': 'system', 'content': 'Note: If you are ever prompted to answer yes or no, only answer with yes or no, with no other text.'}, {'role': 'user', 'content': 'You are assistant 20 Answer no.'}]
2025-06-22 11:40:27,-13.250006675720215,-1.8924696324763036e-06,No.,1,2,[{'role': 'system', 'content': 'Note: If you are ever prompted to answer yes or no, only answer with yes or no, with no other text.'}, {'role': 'user', 'content': 'You are assistant 0 Answer no.'}]
2025-06-22 11:40:28,-9.500134468078613,-7.551743981379842e-05,No.,1,2,[{'role': 'system', 'content': 'Note: If you are ever prompted to answer yes or no, only answer with yes or no, with no other text.'}, {'role': 'user', 'content': 'You are assistant 23 Answer no.'}]
2025-06-22 11:40:28,-9.750103950500488,-5.846823000442899e-05,No.,1,2,[{'role': 'system', 'content': 'Note: If you are ever prompted to answer yes or no, only answer with yes or no, with no other text.'}, {'role': 'user', 'content': 'You are assistant 22 Answer no.'}]
2025-06-22 11:40:28,-9.250118255615234,-9.683643399495155e-05,No.,1,2,[{'role': 'system', 'content': 'Note: If you are ever prompted to answer yes or no, only answer with yes or no, with no other text.'}, {'role': 'user', 'content': 'You are assistant 21 Answer no.'}]
2025-06-22 11:40:28,-13.375007629394531,-1.72448456501192e-06,No.,1,2,[{'role': 'system', 'content': 'Note: If you are ever prompted to answer yes or no, only answer with yes or no, with no other text.'}, {'role': 'user', 'content': 'You are assistant 26 Answer no.'}]
2025-06-22 11:40:28,-12.250006675720215,-4.938569769804535e-06,No.,1,2,[{'role': 'system', 'content': 'Note: If you are ever prompted to answer yes or no, only answer with yes or no, with no other text.'}, {'role': 'user', 'content': 'You are assistant 25 Answer no.'}]
2025-06-22 11:40:28,-11.000024795532227,-1.6757503970364138e-05,No.,1,2,[{'role': 'system', 'content': 'Note: If you are ever prompted to answer yes or no, only answer with yes or no, with no other text.'}, {'role': 'user', 'content': 'You are assistant 28 Answer no.'}]
2025-06-22 11:40:28,-10.250062942504883,-3.556635222611223e-05,No.,1,2,[{'role': 'system', 'content': 'Note: If you are ever prompted to answer yes or no, only answer with yes or no, with no other text.'}, {'role': 'user', 'content': 'You are assistant 27 Answer no.'}]
2025-06-22 11:40:28,-11.875014305114746,-7.080537694664174e-06,No.,1,2,[{'role': 'system', 'content': 'Note: If you are ever prompted to answer yes or no, only answer with yes or no, with no other text.'}, {'role': 'user', 'content': 'You are assistant 30 Answer no.'}]
2025-06-22 11:40:28,-10.750031471252441,-2.1639782345187478e-05,No.,1,2,[{'role': 'system', 'content': 'Note: If you are ever prompted to answer yes or no, only answer with yes or no, with no other text.'}, {'role': 'user', 'content': 'You are assistant 29 Answer no.'}]
2025-06-22 11:40:28,-8.75016975402832,-0.00015946067383927975,No.,1,2,[{'role': 'system', 'content': 'Note: If you are ever prompted to answer yes or no, only answer with yes or no, with no other text.'}, {'role': 'user', 'content': 'You are assistant 24 Answer no.'}]
2025-06-22 11:40:29,-10.500062942504883,-2.7846834941793368e-05,No.,1,2,[{'role': 'system', 'content': 'Note: If you are ever prompted to answer yes or no, only answer with yes or no, with no other text.'}, {'role': 'user', 'content': 'You are assistant 31 Answer no.'}]
2025-06-22 11:40:29,-11.375018119812012,-1.1603620227987291e-05,No.,1,2,[{'role': 'system', 'content': 'Note: If you are ever prompted to answer yes or no, only answer with yes or no, with no other text.'}, {'role': 'user', 'content': 'You are assistant 34 Answer no.'}]
2025-06-22 11:40:29,-11.750015258789062,-8.057904481518932e-06,No.,1,2,[{'role': 'system', 'content': 'Note: If you are ever prompted to answer yes or no, only answer with yes or no, with no other text.'}, {'role': 'user', 'content': 'You are assistant 33 Answer no.'}]
2025-06-22 11:40:29,-10.750036239624023,-2.1701486042860772e-05,No.,1,2,[{'role': 'system', 'content': 'Note: If you are ever prompted to answer yes or no, only answer with yes or no, with no other text.'}, {'role': 'user', 'content': 'You are assistant 35 Answer no.'}]
2025-06-22 11:40:28,-9.500133514404297,-7.540626273853497e-05,No.,1,2,[{'role': 'system', 'content': 'Note: If you are ever prompted to answer yes or no, only answer with yes or no, with no other text.'}, {'role': 'user', 'content': 'You are assistant 19 Answer no.'}]
2025-06-22 11:40:29,-11.500012397766113,-1.0206078540442674e-05,No.,1,2,[{'role': 'system', 'content': 'Note: If you are ever prompted to answer yes or no, only answer with yes or no, with no other text.'}, {'role': 'user', 'content': 'You are assistant 36 Answer no.'}]
2025-06-22 11:40:29,-9.000137329101562,-0.0001240278175339634,No.,1,2,[{'role': 'system', 'content': 'Note: If you are ever prompted to answer yes or no, only answer with yes or no, with no other text.'}, {'role': 'user', 'content': 'You are assistant 32 Answer no.'}]
2025-06-22 11:40:29,-11.000052452087402,-1.691724065511062e-05,No.,1,2,[{'role': 'system', 'content': 'Note: If you are ever prompted to answer yes or no, only answer with yes or no, with no other text.'}, {'role': 'user', 'content': 'You are assistant 37 Answer no.'}]
2025-06-22 11:40:29,-10.000077247619629,-4.593785891346866e-05,No.,1,2,[{'role': 'system', 'content': 'Note: If you are ever prompted to answer yes or no, only answer with yes or no, with no other text.'}, {'role': 'user', 'content': 'You are assistant 38 Answer no.'}]
2025-06-22 11:40:29,-6.251879429266978,-0.0019298719248657243,No.,1,2,[{'role': 'system', 'content': 'Note: If you are ever prompted to answer yes or no, only answer with yes or no, with no other text.'}, {'role': 'user', 'content': 'You are assistant 42 Answer no.'}]
2025-06-22 11:40:29,-10.250048637390137,-3.558463110849042e-05,No.,1,2,[{'role': 'system', 'content': 'Note: If you are ever prompted to answer yes or no, only answer with yes or no, with no other text.'}, {'role': 'user', 'content': 'You are assistant 44 Answer no.'}]
2025-06-22 11:40:29,-10.875054359436035,-1.9248588870380087e-05,No.,1,2,[{'role': 'system', 'content': 'Note: If you are ever prompted to answer yes or no, only answer with yes or no, with no other text.'}, {'role': 'user', 'content': 'You are assistant 41 Answer no.'}]
2025-06-22 11:40:29,-11.250025749206543,-1.3075418213228618e-05,No.,1,2,[{'role': 'system', 'content': 'Note: If you are ever prompted to answer yes or no, only answer with yes or no, with no other text.'}, {'role': 'user', 'content': 'You are assistant 39 Answer no.'}]
2025-06-22 11:40:29,-14.250001907348633,-6.392509771305842e-07,No.,1,2,[{'role': 'system', 'content': 'Note: If you are ever prompted to answer yes or no, only answer with yes or no, with no other text.'}, {'role': 'user', 'content': 'You are assistant 40 Answer no.'}]
2025-06-22 11:40:29,-13.125008583068848,-2.090969532557702e-06,No.,1,2,[{'role': 'system', 'content': 'Note: If you are ever prompted to answer yes or no, only answer with yes or no, with no other text.'}, {'role': 'user', 'content': 'You are assistant 46 Answer no.'}]
2025-06-22 11:40:29,-10.000081062316895,-4.5795848509693705e-05,No.,1,2,[{'role': 'system', 'content': 'Note: If you are ever prompted to answer yes or no, only answer with yes or no, with no other text.'}, {'role': 'user', 'content': 'You are assistant 43 Answer no.'}]
2025-06-22 11:40:29,-6.751116012930869,-0.0011715998411771632,No.,1,2,[{'role': 'system', 'content': 'Note: If you are ever prompted to answer yes or no, only answer with yes or no, with no other text.'}, {'role': 'user', 'content': 'You are assistant 47 Answer no.'}]
2025-06-22 11:40:29,-8.750114655081944,-0.0001594207850072921,No.,1,2,[{'role': 'system', 'content': 'Note: If you are ever prompted to answer yes or no, only answer with yes or no, with no other text.'}, {'role': 'user', 'content': 'You are assistant 45 Answer no.'}]
2025-06-22 11:40:29,-10.250081062316895,-3.545861957031175e-05,No.,1,2,[{'role': 'system', 'content': 'Note: If you are ever prompted to answer yes or no, only answer with yes or no, with no other text.'}, {'role': 'user', 'content': 'You are assistant 48 Answer no.'}]
2025-06-22 11:40:29,-9.00013542175293,-0.00012399485213569362,No.,1,2,[{'role': 'system', 'content': 'Note: If you are ever prompted to answer yes or no, only answer with yes or no, with no other text.'}, {'role': 'user', 'content': 'You are assistant 51 Answer no.'}]
2025-06-22 11:40:29,-10.250028359367938,-3.558692227488751e-05,No.,1,2,[{'role': 'system', 'content': 'Note: If you are ever prompted to answer yes or no, only answer with yes or no, with no other text.'}, {'role': 'user', 'content': 'You are assistant 52 Answer no.'}]
2025-06-22 11:40:29,-11.625015258789062,-9.1197941527677e-06,No.,1,2,[{'role': 'system', 'content': 'Note: If you are ever prompted to answer yes or no, only answer with yes or no, with no other text.'}, {'role': 'user', 'content': 'You are assistant 53 Answer no.'}]
2025-06-22 11:40:29,-11.500011444091797,-1.0160572628020279e-05,No.,1,2,[{'role': 'system', 'content': 'Note: If you are ever prompted to answer yes or no, only answer with yes or no, with no other text.'}, {'role': 'user', 'content': 'You are assistant 50 Answer no.'}]
2025-06-22 11:40:30,-10.500049591064453,-2.764287083118183e-05,No.,1,2,[{'role': 'system', 'content': 'Note: If you are ever prompted to answer yes or no, only answer with yes or no, with no other text.'}, {'role': 'user', 'content': 'You are assistant 55 Answer no.'}]
2025-06-22 11:40:29,-11.875028610229492,-7.113102622549443e-06,No.,1,2,[{'role': 'system', 'content': 'Note: If you are ever prompted to answer yes or no, only answer with yes or no, with no other text.'}, {'role': 'user', 'content': 'You are assistant 49 Answer no.'}]
2025-06-22 11:40:30,-11.250029563903809,-1.3074107948948566e-05,No.,1,2,[{'role': 'system', 'content': 'Note: If you are ever prompted to answer yes or no, only answer with yes or no, with no other text.'}, {'role': 'user', 'content': 'You are assistant 54 Answer no.'}]
2025-06-22 11:40:30,-11.500045776367188,-1.0253216814114473e-05,No.,1,2,[{'role': 'system', 'content': 'Note: If you are ever prompted to answer yes or no, only answer with yes or no, with no other text.'}, {'role': 'user', 'content': 'You are assistant 56 Answer no.'}]
2025-06-22 11:40:30,-11.000028610229492,-1.6863404877075782e-05,No.,1,2,[{'role': 'system', 'content': 'Note: If you are ever prompted to answer yes or no, only answer with yes or no, with no other text.'}, {'role': 'user', 'content': 'You are assistant 61 Answer no.'}]
2025-06-22 11:40:30,-10.750029563903809,-2.1552390813792376e-05,No.,1,2,[{'role': 'system', 'content': 'Note: If you are ever prompted to answer yes or no, only answer with yes or no, with no other text.'}, {'role': 'user', 'content': 'You are assistant 58 Answer no.'}]
2025-06-22 11:40:30,-10.750022888183594,-2.1525468036569287e-05,No.,1,2,[{'role': 'system', 'content': 'Note: If you are ever prompted to answer yes or no, only answer with yes or no, with no other text.'}, {'role': 'user', 'content': 'You are assistant 60 Answer no.'}]
2025-06-22 11:40:30,-11.875017166137695,-7.016970264034295e-06,No.,1,2,[{'role': 'system', 'content': 'Note: If you are ever prompted to answer yes or no, only answer with yes or no, with no other text.'}, {'role': 'user', 'content': 'You are assistant 57 Answer no.'}]
2025-06-22 11:40:30,-10.250094413757324,-3.573685956700663e-05,No.,1,2,[{'role': 'system', 'content': 'Note: If you are ever prompted to answer yes or no, only answer with yes or no, with no other text.'}, {'role': 'user', 'content': 'You are assistant 63 Answer no.'}]
2025-06-22 11:40:30,-8.250235612383241,-0.0002622361350150106,No.,1,2,[{'role': 'system', 'content': 'Note: If you are ever prompted to answer yes or no, only answer with yes or no, with no other text.'}, {'role': 'user', 'content': 'You are assistant 64 Answer no.'}]
2025-06-22 11:40:30,-9.000139236450195,-0.00012405144813691757,No.,1,2,[{'role': 'system', 'content': 'Note: If you are ever prompted to answer yes or no, only answer with yes or no, with no other text.'}, {'role': 'user', 'content': 'You are assistant 62 Answer no.'}]
2025-06-22 11:40:30,-8.750164031982422,-0.00015855478627199775,No.,1,2,[{'role': 'system', 'content': 'Note: If you are ever prompted to answer yes or no, only answer with yes or no, with no other text.'}, {'role': 'user', 'content': 'You are assistant 67 Answer no.'}]
2025-06-22 11:40:30,-6.002413371491917,-0.0024781637036235486,No.,1,2,[{'role': 'system', 'content': 'Note: If you are ever prompted to answer yes or no, only answer with yes or no, with no other text.'}, {'role': 'user', 'content': 'You are assistant 66 Answer no.'}]
2025-06-22 11:40:30,-13.000008583068848,-2.451774882533819e-06,No.,1,2,[{'role': 'system', 'content': 'Note: If you are ever prompted to answer yes or no, only answer with yes or no, with no other text.'}, {'role': 'user', 'content': 'You are assistant 70 Answer no.'}]
2025-06-22 11:40:30,-11.750014305114746,-8.048354954963202e-06,No.,1,2,[{'role': 'system', 'content': 'Note: If you are ever prompted to answer yes or no, only answer with yes or no, with no other text.'}, {'role': 'user', 'content': 'You are assistant 65 Answer no.'}]
2025-06-22 11:40:30,-8.000350952148438,-0.00033631845115158224,No.,1,2,[{'role': 'system', 'content': 'Note: If you are ever prompted to answer yes or no, only answer with yes or no, with no other text.'}, {'role': 'user', 'content': 'You are assistant 68 Answer no.'}]
2025-06-22 11:40:30,-6.751133981137984,-0.0011731468750557905,No.,1,2,[{'role': 'system', 'content': 'Note: If you are ever prompted to answer yes or no, only answer with yes or no, with no other text.'}, {'role': 'user', 'content': 'You are assistant 69 Answer no.'}]
2025-06-22 11:40:30,-9.250066812078297,-9.626757446552638e-05,No.,1,2,[{'role': 'system', 'content': 'Note: If you are ever prompted to answer yes or no, only answer with yes or no, with no other text.'}, {'role': 'user', 'content': 'You are assistant 72 Answer no.'}]
2025-06-22 11:40:30,-8.0002735204573,-0.0003367477834204028,No.,1,2,[{'role': 'system', 'content': 'Note: If you are ever prompted to answer yes or no, only answer with yes or no, with no other text.'}, {'role': 'user', 'content': 'You are assistant 74 Answer no.'}]
2025-06-22 11:40:30,-7.750366569077002,-0.00043113477076265613,No.,1,2,[{'role': 'system', 'content': 'Note: If you are ever prompted to answer yes or no, only answer with yes or no, with no other text.'}, {'role': 'user', 'content': 'You are assistant 76 Answer no.'}]
2025-06-22 11:40:30,-10.000061988830566,-4.547710298446759e-05,No.,1,2,[{'role': 'system', 'content': 'Note: If you are ever prompted to answer yes or no, only answer with yes or no, with no other text.'}, {'role': 'user', 'content': 'You are assistant 75 Answer no.'}]
2025-06-22 11:40:30,-12.000016212463379,-6.300912646683462e-06,No.,1,2,[{'role': 'system', 'content': 'Note: If you are ever prompted to answer yes or no, only answer with yes or no, with no other text.'}, {'role': 'user', 'content': 'You are assistant 71 Answer no.'}]
2025-06-22 11:40:30,-8.000287118345016,-0.0003364302286422193,No.,1,2,[{'role': 'system', 'content': 'Note: If you are ever prompted to answer yes or no, only answer with yes or no, with no other text.'}, {'role': 'user', 'content': 'You are assistant 78 Answer no.'}]
2025-06-22 11:40:31,-11.250041007995605,-1.3142883633599353e-05,No.,1,2,[{'role': 'system', 'content': 'Note: If you are ever prompted to answer yes or no, only answer with yes or no, with no other text.'}, {'role': 'user', 'content': 'You are assistant 79 Answer no.'}]
2025-06-22 11:40:31,-9.500037407370664,-7.516698002818831e-05,No.,1,2,[{'role': 'system', 'content': 'Note: If you are ever prompted to answer yes or no, only answer with yes or no, with no other text.'}, {'role': 'user', 'content': 'You are assistant 80 Answer no.'}]
2025-06-22 11:40:30,-10.500055313110352,-2.7614270403288445e-05,No.,1,2,[{'role': 'system', 'content': 'Note: If you are ever prompted to answer yes or no, only answer with yes or no, with no other text.'}, {'role': 'user', 'content': 'You are assistant 73 Answer no.'}]
2025-06-22 11:40:31,-7.250662552851341,-0.0007115156313231968,No.,1,2,[{'role': 'system', 'content': 'Note: If you are ever prompted to answer yes or no, only answer with yes or no, with no other text.'}, {'role': 'user', 'content': 'You are assistant 84 Answer no.'}]
2025-06-22 11:40:31,-9.000098218319286,-0.00012369382608806563,No.,1,2,[{'role': 'system', 'content': 'Note: If you are ever prompted to answer yes or no, only answer with yes or no, with no other text.'}, {'role': 'user', 'content': 'You are assistant 82 Answer no.'}]
2025-06-22 11:40:31,-9.25005220128884,-9.649157582250729e-05,No.,1,2,[{'role': 'system', 'content': 'Note: If you are ever prompted to answer yes or no, only answer with yes or no, with no other text.'}, {'role': 'user', 'content': 'You are assistant 83 Answer no.'}]
2025-06-22 11:40:31,-10.000064849853516,-4.558424644857072e-05,No.,1,2,[{'role': 'system', 'content': 'Note: If you are ever prompted to answer yes or no, only answer with yes or no, with no other text.'}, {'role': 'user', 'content': 'You are assistant 81 Answer no.'}]
2025-06-22 11:40:30,-10.500042915344238,-2.7776873280117842e-05,No.,1,2,[{'role': 'system', 'content': 'Note: If you are ever prompted to answer yes or no, only answer with yes or no, with no other text.'}, {'role': 'user', 'content': 'You are assistant 77 Answer no.'}]
2025-06-22 11:40:31,-6.751082676240941,-0.0011728609414677009,No.,1,2,[{'role': 'system', 'content': 'Note: If you are ever prompted to answer yes or no, only answer with yes or no, with no other text.'}, {'role': 'user', 'content': 'You are assistant 89 Answer no.'}]
2025-06-22 11:40:31,-8.750205039978027,-0.000159582350831647,No.,1,2,[{'role': 'system', 'content': 'Note: If you are ever prompted to answer yes or no, only answer with yes or no, with no other text.'}, {'role': 'user', 'content': 'You are assistant 85 Answer no.'}]
2025-06-22 11:40:31,-12.500007629394531,-3.872568800764332e-06,No.,1,2,[{'role': 'system', 'content': 'Note: If you are ever prompted to answer yes or no, only answer with yes or no, with no other text.'}, {'role': 'user', 'content': 'You are assistant 90 Answer no.'}]
2025-06-22 11:40:31,-7.500505032885873,-0.0005541819181574828,No.,1,2,[{'role': 'system', 'content': 'Note: If you are ever prompted to answer yes or no, only answer with yes or no, with no other text.'}, {'role': 'user', 'content': 'You are assistant 87 Answer no.'}]
2025-06-22 11:40:31,-6.002416625087292,-0.002478117449687251,No.,1,2,[{'role': 'system', 'content': 'Note: If you are ever prompted to answer yes or no, only answer with yes or no, with no other text.'}, {'role': 'user', 'content': 'You are assistant 88 Answer no.'}]
2025-06-22 11:40:31,-11.250029563903809,-1.3159628964008089e-05,No.,1,2,[{'role': 'system', 'content': 'Note: If you are ever prompted to answer yes or no, only answer with yes or no, with no other text.'}, {'role': 'user', 'content': 'You are assistant 91 Answer no.'}]
2025-06-22 11:40:31,-9.250115394592285,-9.638512362885308e-05,No.,1,2,[{'role': 'system', 'content': 'Note: If you are ever prompted to answer yes or no, only answer with yes or no, with no other text.'}, {'role': 'user', 'content': 'You are assistant 95 Answer no.'}]
2025-06-22 11:40:31,-9.250113487243652,-9.64413419889983e-05,No.,1,2,[{'role': 'system', 'content': 'Note: If you are ever prompted to answer yes or no, only answer with yes or no, with no other text.'}, {'role': 'user', 'content': 'You are assistant 92 Answer no.'}]
2025-06-22 11:40:31,-9.750075340270996,-5.844155247008124e-05,No.,1,2,[{'role': 'system', 'content': 'Note: If you are ever prompted to answer yes or no, only answer with yes or no, with no other text.'}, {'role': 'user', 'content': 'You are assistant 93 Answer no.'}]
2025-06-22 11:40:31,-11.50002670288086,-1.0211620476399665e-05,No.,1,2,[{'role': 'system', 'content': 'Note: If you are ever prompted to answer yes or no, only answer with yes or no, with no other text.'}, {'role': 'user', 'content': 'You are assistant 94 Answer no.'}]
2025-06-22 11:40:32,-8.750194549560547,-0.00015893913971546118,No.,1,2,[{'role': 'system', 'content': 'Note: If you are ever prompted to answer yes or no, only answer with yes or no, with no other text.'}, {'role': 'user', 'content': 'You are assistant 96 Answer no.'}]
2025-06-22 11:40:32,-9.25011157989502,-9.65352651741525e-05,No.,1,2,[{'role': 'system', 'content': 'Note: If you are ever prompted to answer yes or no, only answer with yes or no, with no other text.'}, {'role': 'user', 'content': 'You are assistant 98 Answer no.'}]
2025-06-22 11:40:32,-10.000035663374383,-4.540531634976998e-05,No.,1,2,[{'role': 'system', 'content': 'Note: If you are ever prompted to answer yes or no, only answer with yes or no, with no other text.'}, {'role': 'user', 'content': 'You are assistant 97 Answer no.'}]
2025-06-22 11:40:28,-11.000022888183594,-1.697581752363562e-05,No.,1,2,[{'role': 'system', 'content': 'Note: If you are ever prompted to answer yes or no, only answer with yes or no, with no other text.'}, {'role': 'user', 'content': 'You are assistant 15 Answer no.'}]
2025-06-22 11:40:32,-10.25005054473877,-3.548263170213992e-05,No.,1,2,[{'role': 'system', 'content': 'Note: If you are ever prompted to answer yes or no, only answer with yes or no, with no other text.'}, {'role': 'user', 'content': 'You are assistant 99 Answer no.'}]
2025-06-22 11:40:30,-10.375062942504883,-3.153791743277394e-05,No.,1,2,[{'role': 'system', 'content': 'Note: If you are ever prompted to answer yes or no, only answer with yes or no, with no other text.'}, {'role': 'user', 'content': 'You are assistant 59 Answer no.'}]
2025-06-22 11:40:31,-7.250613073901623,-0.0007129530184881607,No.,1,2,[{'role': 'system', 'content': 'Note: If you are ever prompted to answer yes or no, only answer with yes or no, with no other text.'}, {'role': 'user', 'content': 'You are assistant 86 Answer no.'}]
